Channel,Name,RX MHz,TX MHz,Encode,Decode,Power,Bandwidth,Step kHz,Scan,Busy Lock,Squelch Mode,Signalling,Scrambler,DTMF PTT-ID,5-Tone PTT-ID
1,KYUSTND,145.72500,145.12500,off,off,High,Wide,12.5,Include,Off,SQ,Off,Off,Off,Off
2,PETROHN,145.75000,145.15000,79.7,off,High,Wide,12.5,Include,Off,SQ,Off,Off,Off,Off
3,PASTRIN,145.77500,145.17500,off,off,High,Wide,12.5,Include,Off,SQ,Off,Off,Off,Off
4,BOYANA,439.15000,431.55000,85.4,off,High,Wide,12.5,Include,Off,SQ,Off,Off,Off,Off
5,VITOSA-U,439.40000,431.80000,79.7,off,High,Wide,12.5,Include,Off,SQ,Off,Off,Off,Off
6,VITOSA-V,145.60000,145.00000,off,off,High,Wide,12.5,Include,Off,SQ,Off,Off,Off,Off
7,BALSHA,438.85000,431.25000,85.4,off,High,Wide,12.5,Include,Off,SQ,Off,Off,Off,Off
8,CHERNI-U,439.00000,431.40000,79.7,off,High,Wide,12.5,Include,Off,SQ,Off,Off,Off,Off
9,CHERNI-V,145.62500,145.02500,off,off,High,Wide,12.5,Include,Off,SQ,Off,Off,Off,Off
10,SOFIA-TU,438.10000,430.50000,91.5,off,High,Wide,12.5,Include,Off,SQ,Off,Off,Off,Off
11,PIROGO-U,439.57500,431.97500,off,off,High,Wide,12.5,Include,Off,SQ,Off,Off,Off,Off
12,PIROGO-V,145.35000,144.75000,off,off,High,Wide,12.5,Include,Off,SQ,Off,Off,Off,Off
13,SOFIA2,439.02500,431.42500,79.7,off,High,Wide,12.5,Include,Off,SQ,Off,Off,Off,Off
14,HDIMIT-U,438.77500,431.17500,79.7,off,High,Wide,12.5,Include,Off,SQ,Off,Off,Off,Off
15,HDIMIT-V,145.32500,144.72500,79.7,off,High,Wide,12.5,Include,Off,SQ,Off,Off,Off,Off
16,REDUTA,145.67500,145.07500,off,off,High,Wide,12.5,Include,Off,SQ,Off,Off,Off,Off
17,KOPITOTO,438.60000,431.00000,79.7,off,High,Wide,12.5,Include,Off,SQ,Off,Off,Off,Off
21,TODORKA,439.15000,431.55000,79.7,off,High,Wide,12.5,Include,Off,SQ,Off,Off,Off,Off
22,VRATSA,145.70000,145.10000,off,off,High,Wide,12.5,Include,Off,SQ,Off,Off,Off,Off
23,BEZBOG,145.78750,145.18750,79.7,off,High,Wide,12.5,Include,Off,SQ,Off,Off,Off,Off
24,ORELYAK,145.77500,145.17500,79.7,off,High,Wide,12.5,Include,Off,SQ,Off,Off,Off,Off
28,YABLANIT,439.60000,432.00000,79.7,off,High,Wide,12.5,Include,Off,SQ,Off,Off,Off,Off
29,ZLATICA,438.87500,431.27500,off,off,High,Wide,12.5,Include,Off,SQ,Off,Off,Off,Off
33,CHEPINCI,145.75000,145.15000,79.7,off,High,Wide,12.5,Include,Off,SQ,Off,Off,Off,Off
34,SNEJAN-U,438.65000,431.05000,91.5,off,High,Wide,12.5,Include,Off,SQ,Off,Off,Off,Off
35,SNEJAN-V,145.37500,144.77500,91.5,off,High,Wide,12.5,Include,Off,SQ,Off,Off,Off,Off
36,SMOLYAN,145.60000,145.00000,91.5,off,High,Wide,12.5,Include,Off,SQ,Off,Off,Off,Off
37,PLOVDIV,438.80000,431.20000,79.7,off,High,Wide,12.5,Include,Off,SQ,Off,Off,Off,Off
38,ZDRAVE-U,438.90000,431.30000,74.4,off,High,Wide,12.5,Include,Off,SQ,Off,Off,Off,Off
39,ZDRAVE-V,145.72500,145.12500,74.4,off,High,Wide,12.5,Include,Off,SQ,Off,Off,Off,Off
40,KARLOVO,438.85000,431.25000,off,off,High,Wide,12.5,Include,Off,SQ,Off,Off,Off,Off
41,ASENOV,439.60000,432.00000,79.7,off,High,Wide,12.5,Include,Off,SQ,Off,Off,Off,Off
42,BOTEV,145.65000,145.05000,79.7,off,High,Wide,12.5,Include,Off,SQ,Off,Off,Off,Off
46,ZLATOGR,145.35000,144.75000,79.7,off,High,Wide,12.5,Include,Off,SQ,Off,Off,Off,Off
47,PAVLIKN,439.42500,431.82500,103.5,off,High,Wide,12.5,Include,Off,SQ,Off,Off,Off,Off
48,GABROVO,145.60000,145.00000,off,off,High,Wide,12.5,Include,Off,SQ,Off,Off,Off,Off
49,SHIPKA,439.12500,431.52500,off,off,High,Wide,12.5,Include,Off,SQ,Off,Off,Off,Off
50,KARDJAL,439.32500,431.72500,91.5,off,High,Wide,12.5,Include,Off,SQ,Off,Off,Off,Off
51,BUZLUD-U,439.20000,431.60000,79.7,off,High,Wide,12.5,Include,Off,SQ,Off,Off,Off,Off
52,BUZLUD-V,145.35000,144.75000,off,off,High,Wide,12.5,Include,Off,SQ,Off,Off,Off,Off
53,STRIMNI,145.32500,144.72500,off,off,High,Wide,12.5,Include,Off,SQ,Off,Off,Off,Off
54,HASKOVO,439.35000,431.75000,79.7,off,High,Wide,12.5,Include,Off,SQ,Off,Off,Off,Off
55,DIMITRV,439.47500,431.87500,91.5,off,High,Wide,12.5,Include,Off,SQ,Off,Off,Off,Off
56,STZAGOR,439.17500,431.57500,91.5,off,High,Wide,12.5,Include,Off,SQ,Off,Off,Off,Off
57,TARNOVO,145.77500,145.17500,off,off,High,Wide,12.5,Include,Off,SQ,Off,Off,Off,Off
58,ARBANAS,439.45000,431.85000,off,off,High,Wide,12.5,Include,Off,SQ,Off,Off,Off,Off
62,RUSE,145.62500,145.02500,off,off,High,Wide,12.5,Include,Off,SQ,Off,Off,Off,Off
63,CHUMERNA,145.67500,145.07500,off,off,High,Wide,12.5,Include,Off,SQ,Off,Off,Off,Off
64,SLIVEN,145.70000,145.10000,off,off,High,Wide,12.5,Include,Off,SQ,Off,Off,Off,Off
65,KARANDL,438.75000,431.15000,79.7,off,High,Wide,12.5,Include,Off,SQ,Off,Off,Off,Off
66,RAZGRAD,439.10000,431.50000,79.7,off,High,Wide,12.5,Include,Off,SQ,Off,Off,Off,Off
70,SHUMEN,438.70000,431.10000,91.5,off,High,Wide,12.5,Include,Off,SQ,Off,Off,Off,Off
71,SILISTR,145.77500,145.17500,off,off,High,Wide,12.5,Include,Off,SQ,Off,Off,Off,Off
72,PROVADI,145.62500,145.02500,off,off,High,Wide,12.5,Include,Off,SQ,Off,Off,Off,Off
73,BURGAS-U,439.20000,431.60000,79.7,off,High,Wide,12.5,Include,Off,SQ,Off,Off,Off,Off
74,BURGAS-V,145.60000,145.00000,off,off,High,Wide,12.5,Include,Off,SQ,Off,Off,Off,Off
75,AVREN-U,439.00000,431.40000,off,off,High,Wide,12.5,Include,Off,SQ,Off,Off,Off,Off
76,AVREN-V,145.77500,145.17500,79.7,off,High,Wide,12.5,Include,Off,SQ,Off,Off,Off,Off
77,SLANBRIG,439.10000,431.50000,79.7,off,High,Wide,12.5,Include,Off,SQ,Off,Off,Off,Off
78,DOBRIC-U,438.80000,431.20000,79.7,off,High,Wide,12.5,Include,Off,SQ,Off,Off,Off,Off
79,DOBRIC-V,145.72500,145.12500,off,off,High,Wide,12.5,Include,Off,SQ,Off,Off,Off,Off
80,GALATA,439.30000,431.70000,off,off,High,Wide,12.5,Include,Off,SQ,Off,Off,Off,Off
84,V144500,144.50000,144.50000,off,off,High,Wide,25,Include,Off,SQ,Off,Off,Off,Off
85,V144525,144.52500,144.52500,off,off,High,Wide,25,Include,Off,SQ,Off,Off,Off,Off
86,V144550,144.55000,144.55000,off,off,High,Wide,25,Include,Off,SQ,Off,Off,Off,Off
87,V144575,144.57500,144.57500,off,off,High,Wide,25,Include,Off,SQ,Off,Off,Off,Off
88,V144600,144.60000,144.60000,off,off,High,Wide,25,Include,Off,SQ,Off,Off,Off,Off
89,V144625,144.62500,144.62500,off,off,High,Wide,25,Include,Off,SQ,Off,Off,Off,Off
90,V144650,144.65000,144.65000,off,off,High,Wide,25,Include,Off,SQ,Off,Off,Off,Off
91,V144675,144.67500,144.67500,off,off,High,Wide,25,Include,Off,SQ,Off,Off,Off,Off
92,V144700,144.70000,144.70000,off,off,High,Wide,25,Include,Off,SQ,Off,Off,Off,Off
93,V144725,144.72500,144.72500,off,off,High,Wide,25,Include,Off,SQ,Off,Off,Off,Off
94,V144750,144.75000,144.75000,off,off,High,Wide,25,Include,Off,SQ,Off,Off,Off,Off
95,V144775,144.77500,144.77500,off,off,High,Wide,25,Include,Off,SQ,Off,Off,Off,Off
96,V144800,144.80000,144.80000,off,off,High,Wide,25,Include,Off,SQ,Off,Off,Off,Off
97,V145200,145.20000,145.20000,off,off,High,Wide,25,Include,Off,SQ,Off,Off,Off,Off
98,V145225,145.22500,145.22500,off,off,High,Wide,25,Include,Off,SQ,Off,Off,Off,Off
99,V145250,145.25000,145.25000,off,off,High,Wide,25,Include,Off,SQ,Off,Off,Off,Off
100,V145275,145.27500,145.27500,off,off,High,Wide,25,Include,Off,SQ,Off,Off,Off,Off
101,V145300,145.30000,145.30000,off,off,High,Wide,25,Include,Off,SQ,Off,Off,Off,Off
102,V145325,145.32500,145.32500,off,off,High,Wide,25,Include,Off,SQ,Off,Off,Off,Off
103,V145350,145.35000,145.35000,off,off,High,Wide,25,Include,Off,SQ,Off,Off,Off,Off
104,V145375,145.37500,145.37500,off,off,High,Wide,25,Include,Off,SQ,Off,Off,Off,Off
105,V145400,145.40000,145.40000,off,off,High,Wide,25,Include,Off,SQ,Off,Off,Off,Off
106,V145425,145.42500,145.42500,off,off,High,Wide,25,Include,Off,SQ,Off,Off,Off,Off
107,V145450,145.45000,145.45000,off,off,High,Wide,25,Include,Off,SQ,Off,Off,Off,Off
108,V145475,145.47500,145.47500,off,off,High,Wide,25,Include,Off,SQ,Off,Off,Off,Off
109,VCALLING,145.50000,145.50000,off,off,High,Wide,25,Include,Off,SQ,Off,Off,Off,Off
110,V145525,145.52500,145.52500,off,off,High,Wide,25,Include,Off,SQ,Off,Off,Off,Off
111,V145550,145.55000,145.55000,off,off,High,Wide,25,Include,Off,SQ,Off,Off,Off,Off
112,V145575,145.57500,145.57500,off,off,High,Wide,25,Include,Off,SQ,Off,Off,Off,Off
116,U433400,433.40000,433.40000,off,off,High,Wide,25,Include,Off,SQ,Off,Off,Off,Off
117,U433425,433.42500,433.42500,off,off,High,Wide,25,Include,Off,SQ,Off,Off,Off,Off
118,U433450,433.45000,433.45000,off,off,High,Wide,25,Include,Off,SQ,Off,Off,Off,Off
119,U433475,433.47500,433.47500,off,off,High,Wide,25,Include,Off,SQ,Off,Off,Off,Off
120,UCALLING,433.50000,433.50000,off,off,High,Wide,25,Include,Off,SQ,Off,Off,Off,Off
121,U433525,433.52500,433.52500,off,off,High,Wide,25,Include,Off,SQ,Off,Off,Off,Off
122,U433550,433.55000,433.55000,off,off,High,Wide,25,Include,Off,SQ,Off,Off,Off,Off
123,U433575,433.57500,433.57500,off,off,High,Wide,25,Include,Off,SQ,Off,Off,Off,Off
127,PMR01,446.00625,446.00625,off,off,High,Narrow,6.25,Include,Off,SQ,Off,Off,Off,Off
128,PMR02,446.01875,446.01875,off,off,High,Narrow,6.25,Include,Off,SQ,Off,Off,Off,Off
129,PMR03,446.03125,446.03125,off,off,High,Narrow,6.25,Include,Off,SQ,Off,Off,Off,Off
130,PMR04,446.04375,446.04375,off,off,High,Narrow,6.25,Include,Off,SQ,Off,Off,Off,Off
131,PMR05,446.05625,446.05625,off,off,High,Narrow,6.25,Include,Off,SQ,Off,Off,Off,Off
132,PMR06,446.06875,446.06875,off,off,High,Narrow,6.25,Include,Off,SQ,Off,Off,Off,Off
133,PMR07,446.08125,446.08125,off,off,High,Narrow,6.25,Include,Off,SQ,Off,Off,Off,Off
134,PMR08,446.09375,446.09375,off,off,High,Narrow,6.25,Include,Off,SQ,Off,Off,Off,Off
135,PMR09,446.10625,446.10625,off,off,High,Narrow,6.25,Include,Off,SQ,Off,Off,Off,Off
136,PMR10,446.11875,446.11875,off,off,High,Narrow,6.25,Include,Off,SQ,Off,Off,Off,Off
137,PMR11,446.13125,446.13125,off,off,High,Narrow,6.25,Include,Off,SQ,Off,Off,Off,Off
138,PMR12,446.14375,446.14375,off,off,High,Narrow,6.25,Include,Off,SQ,Off,Off,Off,Off
139,PMR13,446.15625,446.15625,off,off,High,Narrow,6.25,Include,Off,SQ,Off,Off,Off,Off
140,PMR14,446.16875,446.16875,off,off,High,Narrow,6.25,Include,Off,SQ,Off,Off,Off,Off
141,PMR15,446.18125,446.18125,off,off,High,Narrow,6.25,Include,Off,SQ,Off,Off,Off,Off
142,PMR16,446.19375,446.19375,off,off,High,Narrow,6.25,Include,Off,SQ,Off,Off,Off,Off
146,ISS-VOI,145.80000,off,off,off,Low,Wide,12.5,Skip,Off,SQ,Off,Off,Off,Off
147,ISS-RPT,437.80000,off,off,off,Low,Wide,12.5,Skip,Off,SQ,Off,Off,Off,Off
